Workbook

Sheet Summary
A1: BFCM 2026 · Deliverables progress
A2: Counts update from the Done column on the Paid and Organic tabs.
A4: Group | B4: Sheet | C4: Total | D4: Done | E4: % done
A5: Hype | B5: Paid | C5: =COUNTIF('Paid'!$B$5:$B$56,A5) | D5: =COUNTIFS('Paid'!$B$5:$B$56,A5,'Paid'!$A$5:$A$56,"Yes") | E5: =IF(C5=0,0,D5/C5)
A6: Launch | B6: Paid | C6: =COUNTIF('Paid'!$B$5:$B$56,A6) | D6: =COUNTIFS('Paid'!$B$5:$B$56,A6,'Paid'!$A$5:$A$56,"Yes") | E6: =IF(C6=0,0,D6/C6)
A7: Mid-sale gifting | B7: Paid | C7: =COUNTIF('Paid'!$B$5:$B$56,A7) | D7: =COUNTIFS('Paid'!$B$5:$B$56,A7,'Paid'!$A$5:$A$56,"Yes") | E7: =IF(C7=0,0,D7/C7)
A8: Ending soon | B8: Paid | C8: =COUNTIF('Paid'!$B$5:$B$56,A8) | D8: =COUNTIFS('Paid'!$B$5:$B$56,A8,'Paid'!$A$5:$A$56,"Yes") | E8: =IF(C8=0,0,D8/C8)
A9: Paid dependencies | B9: Paid | C9: =COUNTIF('Paid'!$B$5:$B$56,A9) | D9: =COUNTIFS('Paid'!$B$5:$B$56,A9,'Paid'!$A$5:$A$56,"Yes") | E9: =IF(C9=0,0,D9/C9)
A10: Social post | B10: Organic | C10: =COUNTIF('Organic'!$B$5:$B$33,A10) | D10: =COUNTIFS('Organic'!$B$5:$B$33,A10,'Organic'!$A$5:$A$33,"Yes") | E10: =IF(C10=0,0,D10/C10)
A11: Owned / site | B11: Organic | C11: =COUNTIF('Organic'!$B$5:$B$33,A11) | D11: =COUNTIFS('Organic'!$B$5:$B$33,A11,'Organic'!$A$5:$A$33,"Yes") | E11: =IF(C11=0,0,D11/C11)
A12: All deliverables | C12: =SUM(C5:C11) | D12: =SUM(D5:D11) | E12: =IF(C12=0,0,D12/C12)
A14: Legend
A15: Yellow cells (Done column): pick Yes when the deliverable is finished. The row greys out.
A16: Status dropdown: Not started, In progress, In review, Done, Blocked.
A17: Example: a finished hype ad reads Done = Yes, Status = Done, Notes = "Live in Meta, ad set Hype 1".
A18: Assumptions
A19: Dimensions are standard Meta and organic sizes, not a DiggerLid spec: video (9:16, 4:5); image (4:5, 1:1, 9:16); GIF (4:5, 1:1); UGC and episodes (9:16); email (600 px wide); pages (desktop + mobile).
A20: Ad lines, posts and dates come from the BFCM 2026 Sale Plan deck as of 19 Oct 2026. Owners are placeholders.
A21: Proposed, not agreed: edit due dates (2 days before each post) and the partner UGC dates.

Sheet Paid
A1: BFCM 2026 · Paid deliverables checklist (47 ads + dependencies)
A2: Tick Done with the dropdown (Yes). Status, Owner and Notes are yours to edit. Dimensions sit in brackets on each line.
A4: Done | B4: Phase | C4: Live from | D4: Deliverable (dimensions) | E4: Format | F4: Footage / source | G4: Owner | H4: Due | I4: Status | J4: Notes
B5: Hype | C5: 46343 | D5: Air Walk / Crush: Jack hook, then sale graphics #1 (9:16, 4:5) | E5: Video | F5: Location TBC | G5: Creative [name] | I5: Not started
B6: Hype | C6: 46343 | D6: Air Walk / Crush: Jack hook, then sale graphics #2 (9:16, 4:5) | E6: Video | F6: Location TBC | G6: Creative [name] | I6: Not started
B7: Hype | C7: 46343 | D7: Bundle image, paddock (4:5, 1:1, 9:16) | E7: Image | F7: Paddock | G7: Creative [name] | I7: Not started
B8: Hype | C8: 46343 | D8: Bundle image, warehouse (4:5, 1:1, 9:16) | E8: Image | F8: Warehouse (shot) | G8: Creative [name] | I8: Not started
B9: Hype | C9: 46343 | D9: AI static with the sale info #1 (4:5, 1:1, 9:16) | E9: Image | F9: Generated | G9: Creative [name] | I9: Not started
B10: Hype | C10: 46343 | D10: AI static with the sale info #2 (4:5, 1:1, 9:16) | E10: Image | F10: Generated | G10: Creative [name] | I10: Not started
B11: Hype | C11: 46343 | D11: All Up Here / Bucket Head, 15 to 20 sec (9:16, 4:5) | E11: Video | F11: Warehouse (shot) | G11: Creative [name] | I11: Not started
B12: Hype | C12: 46343 | D12: Show You A Thing Or Two, 15 to 20 sec (9:16, 4:5) | E12: Video | F12: Paddock | G12: Creative [name] | I12: Not started
B13: Hype | C13: 46343 | D13: Fake Phone Call, hype version (9:16, 4:5) | E13: Video | F13: Paddock, from the ute | G13: Creative [name] | I13: Not started
B14: Launch | C14: 46345 | D14: Infomercial #1: whip cuts, quick script (9:16, 4:5) | E14: Video | F14: Warehouse (shot) | G14: Creative [name] | I14: Not started
B15: Launch | C15: 46345 | D15: Infomercial #2: hook, demo table + B-roll (9:16, 4:5) | E15: Video | F15: Warehouse (shot) | G15: Creative [name] | I15: Not started
B16: Launch | C16: 46345 | D16: Usage video: bundle + free gift, PRO Mat, Pro Enclosure (9:16, 4:5) | E16: Video | F16: Paddock | G16: Creative [name] | I16: Not started
... B51: Ending soon | C51: 46355 | D51: Ending-soon UGC (concept TBC) (9:16) | E51: UGC | F51: TBC | G51: Creative [name] | I51: Not started
B52: Paid dependencies | D52: Partner UGC briefs agreed with Titan Sox and 3DPro | E52: Admin | F52: Partners | G52: Growth [name] | H52: 46328 | I52: Not started
B53: Paid dependencies | D53: Usage rights for paid ads on all UGC | E53: Admin | F53: Partners | G53: Growth [name] | H53: 46335 | I53: Not started
B54: Paid dependencies | D54: Partner UGC delivered | E54: Admin | F54: Partners | G54: Growth [name] | H54: 46342 | I54: Not started
B55: Paid dependencies | D55: Gifting page offer set for the mid-sale ads | E55: Admin | F55: Site | G55: Growth [name] | H55: 46346 | I55: Not started
B56: Paid dependencies | D56: All ad sets built and scheduled | E56: Admin | F56: Meta | G56: Paid [name] | H56: 46342 | I56: Not started

Sheet Organic
A1: BFCM 2026 · Organic and owned deliverables checklist
A2: Tick Done with the dropdown (Yes). Status, Owner and Notes are yours to edit. Dimensions sit in brackets on each line.
A4: Done | B4: Phase | C4: Live from | D4: Deliverable (dimensions) | E4: Format | F4: Footage / source | G4: Owner | H4: Due | I4: Status | J4: Notes
B5: Social post | C5: 46338 | D5: Teaser: Jack's coming to town (9:16) | E5: Short | F5: Warehouse (shot) | G5: Creative [name] | H5: 46336 | I5: Not started | J5: Edit due 2 days before post (proposal)
B6: Social post | C6: 46341 | D6: Teaser: the call, AI took the jobs gag (9:16) | E6: Short | F6: Paddock | G6: Creative [name] | H6: 46339 | I6: Not started | J6: Edit due 2 days before post (proposal)
B7: Social post | C7: 46343 | D7: Ep 1 · Warehouse: meeting the boys, 90 sec (9:16) | E7: Episode | F7: Warehouse (shot) | G7: Creative [name] | H7: 46341 | I7: Not started | J7: Edit due 2 days before post (proposal)
B8: Social post | C8: 46344 | D8: Bonus · SANY yard + China: the deal (9:16) | E8: Episode | F8: SANY yard + China cutaway | G8: Creative [name] | H8: 46342 | I8: Not started | J8: Edit due 2 days before post (proposal)
B9: Social post | C9: 46345 | D9: Ep 2 · Paddock: the proper way, 90 sec, 12 PM (9:16) | E9: Episode | F9: Paddock | G9: Creative [name] | H9: 46343 | I9: Not started | J9: Edit due 2 days before post (proposal)
B10: Social post | C10: 46347 | D10: Short: Jack's tips (outtakes) (9:16) | E10: Short | F10: Paddock + warehouse | G10: Creative [name] | H10: 46345 | I10: Not started | J10: Edit due 2 days before post (proposal)
B11: Social post | C11: 46349 | D11: Ep 3 · Worksite: the lessons stick, 90 sec (9:16) | E11: Episode | F11: Worksite | G11: Creative [name] | H11: 46347 | I11: Not started | J11: Edit due 2 days before post (proposal)
B12: Social post | C12: 46351 | D12: Collab pack reveal, joint post with Titan Sox + 3DPro (4:5, 9:16) | E12: Static + story | F12: Worksite stills | G12: Creative [name] | H12: 46349 | I12: Not started | J12: Edit due 2 days before post (proposal)
B13: Social post | C13: 46353 | D13: Short: Black Friday, 7 AM (9:16) | E13: Short | F13: Any episode | G13: Creative [name] | H13: 46351 | I13: Not started | J13: Edit due 2 days before post (proposal)
B14: Social post | C14: 46355 | D14: Finale · Departure: heading home, 90 sec (9:16) | E14: Episode | F14: Departure | G14: Creative [name] | H14: 46353 | I14: Not started | J14: Edit due 2 days before post (proposal)
B15: Social post | C15: 46356 | D15: Short: Cyber Monday, 7 AM (9:16) | E15: Short | F15: Finale cut-down | G15: Creative [name] | H15: 46354 | I15: Not started | J15: Edit due 2 days before post (proposal)
B16: Social post | C16: 46357 | D16: Last day: Good trip. Got the boys sorted. (9:16) | E16: Short | F16: Finale | G16: Creative [name] | H16: 46355 | I16: Not started | J16: Edit due 2 days before post (proposal)
B17: Social post | C17: 46359 | D17: Bloopers and thanks + shipping cut-offs (9:16) | E17: Short | F17: All shoot days | G17: Creative [name] | H17: 46357 | I17: Not started | J17: Edit due 2 days before post (proposal)
B18: Owned / site | D18: Email template: launch (600 px wide) | E18: Email | G18: Email [name] | I18: Not started | J18: Due TBC
B19: Owned / site | D19: Email template: mid-sale gifting (600 px wide) | E19: Email | G19: Email [name] | I19: Not started | J19: Due TBC
B20: Owned / site | D20: Email template: Black Friday (600 px wide) | E20: Email | G20: Email [name] | I20: Not started | J20: Due TBC
B21: Owned / site | D21: Email template: close / last day (600 px wide) | E21: Email | G21: Email [name] | I21: Not started | J21: Due TBC
B22: Owned / site | D22: SMS: launch | E22: SMS | G22: Email [name] | I22: Not started | J22: Due TBC
B23: Owned / site | D23: SMS: last day | E23: SMS | G23: Email [name] | I23: Not started | J23: Due TBC
B24: Owned / site | D24: Sale landing page (desktop + mobile) | E24: Page | G24: Web [name] | H24: 46339 | I24: Not started
B25: Owned / site | D25: Bundle page (desktop + mobile) | E25: Page | G25: Web [name] | H25: 46339 | I25: Not started
B26: Owned / site | D26: Collection page (desktop + mobile) | E26: Page | G26: Web [name] | H26: 46339 | I26: Not started
B27: Owned / site | D27: Early-access capture page (desktop + mobile) | E27: Page | G27: Web [name] | H27: 46339 | I27: Not started
B28: Owned / site | D28: Gifting landing page, own offer + discounts (desktop + mobile) | E28: Page | G28: Web [name] | H28: 46346 | I28: Not started
B29: Owned / site | D29: Gift guide (desktop + mobile) | E29: Page | G29: Web [name] | H29: 46346 | I29: Not started
B30: Owned / site | D30: Christmas cut-off banner (desktop + mobile) | E30: Banner | G30: Web [name] | H30: 46346 | I30: Not started
B31: Owned / site | D31: Collab pack set up in store at [$X] | E31: Store setup | G31: Growth [name] | H31: 46346 | I31: Not started
B32: Owned / site | D32: Popup reach above 50% on paid pages | E32: Check | G32: Web [name] | H32: 46310 | I32: Not started
B33: Owned / site | D33: Bundle and gift-tier stills, 12 (4:5, 1:1) | E33: Stills | G33: Creative [name] | I33: Not started | J33: Due Shot
